Armored Yachiyo,ayachi,ayachiyo
Ayaha & Otoha,ao
Beautician Zardin,bzardin
Bondforged Prince,bprince,beuden,bondforged euden,boof
Bondforged Zethia,bzethia,bzeth
Child Ranzal,cranzal,asshole
Civilian Leif,cleif
Dragonyule Cleo,dycleo,dcleo
Dragonyule Ilia,dyilia,dilia,alia
Dragonyule Lily,dylily
Dragonyule Malora,dymalora
Dragonyule Nefaria,dynef
Dragonyule Nevin,dynevin,amp copium
Dragonyule Victor,dyvictor
Dragonyule Xainfried,dyxain
Dragonyule Xander,dyxander
Eirene,lesbian
Faeblessed Tobias,ftobias,ftobi
Fleur,bunny
Forager Cleo,fcleo
Forager Mitsuba,fmitsuba,fmitsu
Formal Joachim,fjoa,fjoachim
Formal Noelle,fnoelle,cute
Francesca,homeless
Gala Alex,galex,crisis edge
Gala Audric,gaudric,dad
Gala Chelle,gchelle
Gala Cleo,gleo,gcleo
Gala Elisanne,gelisanne,gelly
Gala Emile,gemile,emile
Gala Gatov,gatov
Gala Laxi,glaxi
Gala Leif,gleif,hanha
Gala Leonidas,gleon
Gala Luca,gluca
Gala Mascula,mascula,gmascula,masc,rice cooker
Gala Mym,gmym,mym
Gala Nedrick,gnedrick,nedrick,klaus,the crock,crock
Gala Notte,gnotte,notte
Gala Prince,goof,geuden,gprince,gala euden
Gala Ranzal,granzal
Gala Sarisse,gsarisse,sarisse
Gala Zena,gzena,gena
Gala Zethia,gzethia,gethia
Halloween Akasha,hakasha
Halloween Althemia,halthemia
Halloween Edward,hedward
Halloween Elisanne,helisanne,helly
Halloween Laxi,hlaxi
Halloween Lowen,hlowen,howen
Halloween Melsa,hmelsa
Halloween Mym,hmym
Halloween Odetta,hodetta
Halloween Sylas,hsylas
Harle,nightmerp
Hawk,strike hawk
Housekeeper Pia,hpia
Humanoid Jupiter,hjup,hujup,hjupiter
Humanoid Mercury,hmerc,humerc,hmercury
Humanoid Midgardsormr,hmids,hmid,humid,humids,hmidgardsormr
Humanoid Zodiark,hzod,huzod,hzodiark
Hunter Berserker,hberserker,hzerker
Hunter Sarisse,hsari,hsarisse
Hunter Vanessa,hvanessa
Ieyasu,yasu
Incognito Nefaria,inefaria,inef
Jiang Ziya,jz
Kimono Elisanne,kelisanne,kelly
Kimono Luca,kluca
Kimono Notte,knotte
Kuzunoha,fox
Lapis,french
Mitsuba,cheese
Mona,moron
Nevin,useless
Nina,worstgala
Nobunaga,nobu
Noelle,cute2
Norwin,pyen
Nurse Aeleen,naeleen
Opera Karina,okarina
Peony,idiot
Radiant Xuan Zang,rxz
Ryszarda,cute3,ryza
Sha Wujing,sha
Sharpshooter Joe,sjoe,gun joe
Sharpshooter Sarisse,ssarisse,ssari,gun sari,gun sarisse
Sheila,motto hayaku
Shingen,fu rin ka zan,furinkazan
Sophie,donkay,donk
Sophie (Persona),p5sophie,p5 sophie
Student Maribelle,smari,smaribelle
Summer Alex,pretty,salex
Summer Amane,samane
Summer Celliera,scelery,scelly,scelliera
Summer Chelle,schelle
Summer Cleo,scleo
Summer Estelle,sestelle
Summer Ieyasu,sieyasu,syasu
Summer Julietta,sjulietta,sjuli
Summer Leonidas,sleon,sleonidas
Summer Mikoto,smikoto
Summer Mitsuhide,smitsuhide,smitsu
Summer Mym,smym
Summer Norwin,snorwin
Summer Patia,spatia
Summer Prince,sprince,seuden,soof
Summer Ranzal,sranzal
Summer Sinoa,ssinoa
Summer Verica,sverica,bluu
Templar Hope,thope,tope
The Prince,prince,euden
Tiki,shiny
Undercover Grace,ugrace
Valentine's Addis,valentine addis,vaddis
Valentine's Chelsea,valentine chelsea,vchelsea
Valentine's Ezelith,valentine ezelith,veze,vezelith,democrab
Valentine's Hildegarde,valentine hildegarde,vhilde,vhildegarde,u2l
Valentine's Melody,valentine melody,vmelody,velody
Valentine's Orion,valentine orion,vorion
Wedding Aoi,waoi
Wedding Elisanne,welisanne,welly
Wedding Xania,wxania
Xander,majestic tide,majestic taido
Xuan Zang,xz
Yukata Cassandra,ycass,ycassandra,qwerb
Yukata Cleo,ycleo,yleo
Yukata Curran,ycurran
Yukata Lathna,ylath,ylathna,alexis